<?xml version="1.0" encoding="UTF-8"?>
<project-private xmlns="http://www.netbeans.org/ns/project-private/1">
    <editor-bookmarks xmlns="http://www.netbeans.org/ns/editor-bookmarks/2" lastBookmarkId="0"/>
    <open-files xmlns="http://www.netbeans.org/ns/projectui-open-files/2">
        <group>
            <file>file:/C:/Users/johan/Documents/NetBeansProjects/Laboratorio2-JohanBurgos/src/laboratorio2/johanburgos/FloydWarshall.java</file>
            <file>file:/C:/Users/johan/Documents/NetBeansProjects/Laboratorio2-JohanBurgos/src/laboratorio2/johanburgos/Grafo.java</file>
            <file>file:/C:/Users/johan/Documents/NetBeansProjects/Laboratorio2-JohanBurgos/src/laboratorio2/johanburgos/Imagen.java</file>
            <file>file:/C:/Users/johan/Documents/NetBeansProjects/Laboratorio2-JohanBurgos/src/laboratorio2/johanburgos/Laboratorio2JohanBurgos.java</file>
            <file>file:/C:/Users/johan/Documents/NetBeansProjects/Laboratorio2-JohanBurgos/src/laboratorio2/johanburgos/Ventana.java</file>
            <file>file:/C:/Users/johan/Documents/NetBeansProjects/Laboratorio2-JohanBurgos/src/laboratorio2/johanburgos/Vertice.java</file>
        </group>
    </open-files>
</project-private>
